7964.27,23.2,4.4,-982.9,16.66,19.61,23.54,26.53,30.25,34.88,48.14,283.07,13760.6,210,140,0,0,350,0,0,0,0,50,0
8947.45,19.1,0.9,-982.9,16.66,19.61,23.54,26.53,30.25,36.27,48.14,294.92,13760.6,210,150,0,330,0,0,0,0,10,50,0
7436.4,20.9,3.9,-982.9,16.66,26.5,30.25,34.88,39.12,48.14,56.58,273.76,13760.6,210,250,100,50,0,0,0,90,0,50,1
6936.4,19.3,4.9,-982.9,16.66,26.5,27.08,30.25,39.12,48.14,56.58,273.76,13760.6,210,200,100,50,0,0,0,140,0,50,1
7912.12,21.3,5.1,-982.9,16.66,26.5,27.08,30.25,39.12,48.14,56.58,273.76,13760.6,210,250,100,50,0,0,0,90,0,50,0
7833.01,22.7,5.1,-982.9,16.66,26.5,30.25,34.88,39.12,48.14,56.58,273.76,13760.6,210,280,100,80,0,0,0,0,30,50,0
7969.6,21.7,4.7,-982.9,16.66,26.5,30.25,34.88,39.12,48.14,56.58,273.76,13760.6,210,280,100,80,0,0,0,0,30,50,0
7976.93,23,4.1,-982.9,16.66,26.5,30.25,34.88,39.12,48.14,56.58,273.76,13760.6,210,300,125,65,0,0,0,0,0,50,0
8058.31,24.8,5.2,-982.9,16.66,26.5,30.25,34.88,39.12,48.14,56.56,273.76,13760.6,210,0,270,210,0,0,10,0,0,50,0
7271.07,23.4,5,-982.9,16.66,26.5,30.25,34.88,39.12,48.14,56.56,273.76,13760.6,210,0,210,210,0,0,0,0,70,50,1
6707.41,19.5,5.2,-982.9,16.66,26.5,30.25,34.88,39.12,49.13,56.56,273.76,13760.6,210,0,90,0,0,0,0,0,400,50,1
7727.59,21.4,5.3,-982.9,16.66,26.5,30.25,34.88,39.12,48.14,56.56,273.76,13760.6,210,0,280,210,0,0,0,0,0,50,0
8140.66,19.4,3.1,-982.9,16.66,26.5,30.25,34.88,39.12,48.14,56.56,273.76,13760.6,210,0,280,210,0,0,0,0,0,50,0
8156.31,24.9,3.5,-982.9,16.66,26.5,30.25,34.88,39.12,48.14,56.56,273.76,13760.6,210,70,200,160,0,0,0,60,0,50,0
7881.29,22.8,5,-982.9,16.66,26.5,30.25,34.88,39.12,49.13,56.56,273.76,13760.6,210,70,170,200,0,0,50,0,0,50,0
7740.14,22.7,4.8,-982.9,16.66,26.5,30.25,34.88,39.12,49.13,56.56,273.76,13760.6,210,70,300,90,30,0,0,0,0,50,0
7074.79,22.6,5.2,-982.9,16.66,27.04,30.25,34.88,39.12,46.93,56.56,273.76,13760.6,210,0,300,190,0,0,0,0,0,50,1
7941.77,18.1,1.1,-982.9,16.66,19.61,23.54,26.53,30.25,36.27,48.14,294.92,13760.6,210,0,300,190,0,0,0,0,0,50,1
7809.01,21.7,5.7,-982.9,16.66,27.04,30.25,34.88,39.12,46.93,56.56,273.76,13760.6,210,0,350,140,0,0,0,0,0,50,0
7733.56,21.5,5.4,-982.9,16.66,27.04,30.25,34.88,39.12,46.93,56.56,273.76,13760.6,280,420,0,0,0,0,0,0,0,50,0
8374.9,22.3,3.4,-982.9,16.66,27.04,30.25,34.88,39.12,46.93,56.56,273.76,13760.6,210,70,420,0,0,0,0,0,0,50,0
8157.61,19.7,3.7,-982.9,16.66,27.04,30.25,34.88,39.12,46.93,56.56,273.76,13760.6,210,80,410,0,0,0,0,0,0,50,0
7929.62,19.3,5,-982.9,16.66,27.04,30.25,34.88,39.12,46.93,56.56,273.76,13760.6,210,80,410,0,0,0,0,0,0,50,0
6933.68,22.2,6,-982.9,16.66,27.04,30.25,34.88,39.12,46.93,56.56,273.76,13760.6,210,70,70,350,0,0,0,0,0,50,1
6840.58,20.8,2.7,-982.9,16.66,27.04,30.25,34.88,39.12,46.93,56.56,273.76,13760.6,210,70,70,350,0,0,0,0,0,50,1
7613.46,19.2,6,-982.9,16.66,27.04,30.25,34.88,39.12,46.93,56.56,273.76,13760.6,210,70,420,0,0,0,0,0,0,50,0
7665.98,23.3,5.6,-982.9,16.66,27.04,30.25,34.88,39.12,46.93,56.56,273.76,13760.6,210,70,420,0,0,0,0,0,0,50,0
7475.09,20.1,6.1,-982.9,16.66,26.06,30.25,36.25,39.12,47.92,56.56,273.76,13760.6,210,70,420,0,0,0,0,0,0,50,0
8264.67,23.5,2.6,-982.9,16.66,26.06,30.25,36.25,39.12,47.92,56.56,273.76,13760.6,210,70,380,40,0,0,0,0,0,50,0
7977.11,20.2,4.9,-982.9,16.66,26.06,30.25,36.25,39.12,48.83,58.97,283.59,13760.6,210,70,380,40,0,0,0,0,0,50,0
6783.4,22.5,6.4,-982.9,16.66,26.06,30.25,36.25,39.12,48.83,58.97,283.59,13760.6,210,0,0,0,0,0,50,0,440,50,1
6386.39,26.6,6.4,-982.9,16.66,26.06,30.25,36.25,39.12,48.83,58.97,283.59,13760.6,210,0,0,0,40,0,0,0,450,50,1
6769.32,27,5,-982.9,16.66,26.06,30.25,36.25,39.12,48.83,58.97,283.59,13760.6,210,0,0,0,0,0,40,0,450,50,0
7435.99,24.5,6.5,-982.9,16.66,26.06,30.25,36.25,39.12,48.83,58.97,283.59,13760.6,210,0,0,0,20,20,60,20,370,50,0
7367.18,24.2,6.6,-982.9,16.66,26.06,30.25,36.25,39.12,48.83,58.97,283.59,13760.6,210,0,0,0,20,20,60,20,370,50,0
7494.72,28.9,6.4,-982.9,16.66,26.06,30.25,36.25,39.12,48.83,58.97,283.59,13760.6,210,0,0,0,20,20,60,20,370,50,0
7850.88,31.4,6.4,-982.9,16.66,26.06,30.25,36.25,39.12,48.83,58.97,283.59,13760.6,210,0,0,0,20,0,40,0,430,50,0
6936.7,19.6,4.9,-982.9,16.66,26.06,30.25,36.25,39.12,48.83,58.97,283.59,13760.6,210,0,0,0,20,0,40,0,430,50,1
6723.97,27.3,6.4,-982.9,16.66,26.06,30.25,36.25,39.12,48.83,58.97,283.59,13760.6,210,0,0,0,20,0,40,0,430,50,1
8330.66,34.3,6.1,-982.9,16.66,26.06,30.25,36.25,39.12,48.83,58.97,283.59,13760.6,210,0,0,0,20,0,40,0,430,50,0
7302.28,19,6.4,-982.9,16.66,26.06,30.25,36.25,39.12,48.83,58.97,283.59,13760.6,210,0,350,140,0,0,0,0,0,50,0
7407.77,23.3,6.2,-982.9,16.66,26.06,30.25,36.25,39.12,48.83,58.97,283.59,13760.6,210,0,350,140,0,0,0,0,0,50,0
7528.58,17.2,5.8,-982.9,16.66,26.06,30.25,36.25,39.12,49.1,60.16,283.59,13760.6,210,0,350,140,0,0,0,0,0,50,0
7523.38,20.3,6.9,-982.9,16.66,26.06,30.25,36.25,39.12,49.1,60.16,283.59,13760.6,210,0,350,140,0,0,0,0,0,50,0
6538.34,26.3,7.1,-982.9,16.66,26.06,30.25,36.25,39.12,48.83,58.97,283.59,13760.6,210,0,350,140,0,0,0,0,0,50,1
6417.29,28.9,7.1,-982.9,16.66,26.06,30.25,36.25,39.12,48.83,58.97,283.59,13760.6,210,0,350,140,0,0,0,0,0,50,1
8147.18,19.3,1.5,-982.9,16.66,26.06,30.25,36.25,39.12,48.83,58.97,283.59,13760.6,210,0,350,140,0,0,0,0,0,50,0
7383.95,26.6,7.2,-982.9,16.66,26.06,30.25,36.25,39.12,48.83,60.16,283.59,13760.6,210,0,0,0,700,0,0,0,0,0,0
7550.24,23.4,6.4,-982.9,16.66,26.06,30.25,36.25,39.12,49.1,60.16,283.59,13760.6,210,0,0,0,490,0,0,0,0,50,0
7818.16,23.2,6.3,-982.9,16.66,26.06,30.25,36.25,39.12,49.1,60.16,283.59,13760.6,210,0,0,0,700,0,0,0,0,0,0
7921.01,27.1,5.5,-982.9,16.66,26.06,30.25,36.25,39.12,49.1,60.16,283.59,13760.6,210,0,0,0,700,0,0,0,0,0,0
7367.86,17.6,2.1,-982.9,16.66,26.06,30.25,36.25,39.12,49.1,60.16,283.59,13760.6,210,0,0,0,490,0,0,0,0,50,1
6716.78,16.9,7.1,-982.9,16.66,26.06,30.25,36.25,39.12,49.1,60.16,283.59,13760.6,210,0,350,140,0,0,0,0,0,50,1
7514.17,18.7,7.5,-982.9,16.66,26.06,30.25,36.25,39.12,49.1,60.16,283.59,13760.6,210,0,350,140,0,0,0,0,0,50,0
7286.32,25.4,7.5,-982.9,16.66,26.06,30.25,36.25,39.12,49.1,60.16,283.59,13760.6,210,0,0,0,700,0,0,0,0,0,0
7757.03,28.3,5.3,-982.9,16.66,26.06,30.25,36.25,39.12,48.83,58.97,283.59,13760.6,210,0,350,140,0,0,0,0,0,50,0
7666.06,22.2,3.9,-982.9,16.66,26.06,30.25,36.25,39.12,49.1,60.16,283.59,13760.6,210,0,350,140,0,0,0,0,0,50,0
7889.29,20.1,2.1,-982.9,16.66,26.06,30.25,36.25,39.12,48.83,60.16,283.59,13760.6,210,0,0,0,700,0,0,0,0,0,0
7002.86,25.5,6.8,-982.9,16.66,26.06,30.25,36.25,39.12,49.1,60.16,283.59,13760.6,210,0,0,0,700,0,0,0,0,0,1
6940.79,26.8,4.4,-982.9,16.66,26.06,30.25,36.25,39.12,49.1,60.16,283.59,13760.6,210,0,0,0,700,0,0,0,0,0,1
7393.54,21.5,7.8,-982.9,16.66,26.06,30.25,36.25,39.12,48.83,60.16,283.59,13760.6,210,0,350,140,0,0,0,0,0,50,0
7549.63,23.4,7.4,-982.9,16.66,26.06,30.25,36.25,39.12,48.83,58.97,283.59,13760.6,210,0,350,140,0,0,0,0,0,50,0
7365.32,23.5,7.9,-982.9,16.66,26.06,30.25,36.25,39.12,48.83,58.97,283.59,13760.6,280,0,0,0,320,0,100,0,0,50,0
7731.23,27.3,7.7,-982.9,16.66,26.06,30.25,36.25,39.12,48.83,58.97,283.59,13760.6,280,0,0,0,320,0,100,0,0,50,0
7898.94,32.6,7.9,-982.9,16.66,26.06,30.25,36.25,39.12,48.83,58.97,283.59,13760.6,280,0,0,0,320,0,100,0,0,50,0
6649.9,25.6,8,-982.9,16.66,26.06,30.25,36.25,39.12,48.83,58.97,283.59,13760.6,280,0,0,0,320,0,100,0,0,50,1
6285.97,23.8,8,-982.9,16.66,26.06,30.25,36.25,39.12,48.83,58.97,283.59,13760.6,280,0,0,0,320,0,100,0,0,50,1
8187.56,30.8,8,-982.9,16.66,26.06,30.25,36.25,39.12,48.83,58.97,283.59,13760.6,280,0,0,0,320,0,100,0,0,50,0
8823.82,22.4,5.4,-982.9,16.66,26.06,30.25,36.25,39.12,48.83,58.97,283.59,13760.6,280,0,0,0,320,0,100,0,0,50,0
8502.68,20.5,3.4,-982.9,16.66,26.06,30.25,36.25,39.12,48.83,58.97,283.59,13760.6,280,0,0,0,320,0,100,0,0,50,0
8065.96,25,7.4,-982.9,16.66,26.06,30.25,36.25,39.12,48.83,58.97,283.59,13760.6,280,0,0,0,320,0,100,0,0,50,0
8246.68,24.1,7.2,-982.9,16.66,26.06,30.25,36.25,39.12,48.83,58.97,283.59,13760.6,280,0,0,0,320,0,100,0,0,50,0
7574.17,34.7,7,-982.9,16.66,26.06,30.25,36.25,39.12,48.83,58.97,283.59,13760.6,280,0,0,0,320,0,100,0,0,50,1
7140.17,30.8,8.2,-982.9,16.66,26.06,30.25,36.25,39.12,48.83,58.97,283.59,13760.6,280,0,0,0,320,0,100,0,0,50,1
8200.33,22.8,5.3,-982.9,16.66,26.06,30.25,36.25,39.12,48.83,58.97,283.59,13760.6,280,0,0,0,320,0,100,0,0,50,0
7756.24,21.5,6.4,-982.9,16.66,26.06,30.25,36.25,39.12,49.1,60.16,283.59,13760.6,280,0,0,0,320,0,100,0,0,50,0
7838.82,23.8,8.1,-982.9,16.66,26.06,30.25,36.25,39.12,48.83,58.97,283.59,13760.6,280,0,0,0,320,0,100,0,0,50,0
8019.38,25.3,7.7,-982.9,16.66,26.06,30.25,36.25,39.12,48.83,60.16,283.59,13760.6,210,0,0,0,700,0,0,0,0,0,0
9137.05,35.1,8.4,-982.9,16.66,27.06,30.25,36.25,39.14,48.16,59.7,283.07,13760.6,280,0,0,0,320,0,100,0,0,50,0
7754.14,22.9,5.6,-982.9,16.66,27.06,30.25,36.25,39.14,47.18,59.7,283.07,13760.6,210,0,240,250,0,0,0,0,0,50,1
7456.03,26.7,7.7,-982.9,16.66,27.06,30.25,36.25,39.14,47.18,59.7,283.07,13760.6,210,0,60,60,0,0,30,0,340,50,1
9626.65,30.8,6.4,-982.9,16.66,27.06,30.25,36.25,39.14,47.18,59.7,283.07,13760.6,350,150,50,50,0,0,0,0,100,50,0
9913.63,33.1,8.3,-982.9,16.66,27.06,30.25,35.88,39.12,47.18,59.7,282.58,13760.6,210,0,330,160,0,0,0,0,0,50,0
9597.81,29.2,5.5,-982.9,30.25,34.37,39.14,44.19,54.7,59.89,68.75,243.76,13760.6,210,80,120,120,170,0,0,0,0,50,0
7777.69,22.2,8.6,-982.9,30.25,34.37,39.17,44.19,54.7,59.89,68.75,283.07,13760.6,210,30,0,60,120,0,30,0,0,300,0
8038.67,23.7,8.6,-982.9,30.25,34.37,39.14,44.19,54.7,59.7,68.74,243.76,13760.6,210,60,0,90,0,210,0,0,130,50,0
7189.13,26.3,8.4,-982.9,30.25,34.37,39.14,44.19,54.8,59.72,68.74,243.76,13760.6,210,0,70,70,70,0,0,0,280,50,1
7172.04,24.4,3.8,-982.9,30.25,34.37,39.14,44.19,54.8,59.72,68.74,243.76,13760.6,210,20,0,40,0,80,60,60,230,50,1
9033.63,28.8,7.8,-982.9,30.25,34.37,39.14,44.19,54.8,59.72,68.74,243.76,13760.6,210,0,0,0,0,0,490,0,0,50,0
8938.46,23.8,7.1,-982.9,30.25,34.37,39.14,44.19,55.01,59.73,68.74,243.76,13760.6,210,60,0,60,0,180,180,0,10,50,0
8669.45,26.2,6.5,-982.9,30.25,34.37,39.14,44.19,55.01,59.73,68.74,243.76,13760.6,210,70,70,70,140,70,70,0,0,50,2
8843.85,30.9,6.4,-982.9,30.25,34.37,39.14,44.19,55.01,59.73,68.74,243.76,13760.6,210,70,140,140,140,0,0,0,0,50,2
9877.17,35.7,7.7,-982.9,30.25,34.37,39.14,44.19,59.73,68.74,243.76,13367.44,13760.6,210,140,140,140,70,0,0,0,0,50,2
8145.23,25.9,6.5,-982.9,30.25,34.37,39.14,44.19,55.01,59.73,68.74,243.76,13760.6,210,50,100,150,140,0,0,0,50,50,3
8283.97,28.1,7.1,-982.9,30.25,34.37,39.14,44.19,55.01,59.73,68.74,243.76,13760.6,210,50,0,100,0,200,90,0,50,50,3
10848.94,32.4,4.9,-982.9,30.25,34.37,39.14,44.19,55.01,59.73,68.74,243.76,13760.6,210,100,0,150,0,240,0,0,0,50,2
9367.45,24.8,1.3,-982.9,30.25,34.37,39.14,44.19,55.01,59.73,68.74,243.76,13760.6,210,100,100,100,140,0,0,0,50,50,2
8745.33,24.9,5.9,-982.9,30.25,34.37,39.14,44.19,55.01,59.73,68.74,243.76,13760.6,210,100,100,100,140,0,0,0,50,50,2
9483.17,29.6,8.6,-982.9,30.25,39.14,44.19,55.01,59.73,68.74,243.76,13170.86,13760.6,210,120,0,200,170,0,0,0,0,50,2
7786.85,26.8,8.8,-982.9,30.25,39.14,44.19,55.01,59.73,68.74,243.76,13170.86,13760.6,210,200,120,120,0,0,0,0,50,50,2
7244.56,24,7.9,-982.9,30.25,34.37,39.14,44.19,55.01,68.74,243.76,13170.86,13760.6,210,40,40,40,40,0,0,0,330,50,3
7480.72,27.1,8.6,-982.9,30.25,34.37,39.14,44.19,55.01,68.74,243.76,13170.86,13760.6,210,50,50,50,50,0,0,150,140,50,3
9341.08,29,8.7,-982.9,30.25,34.37,39.14,44.21,55.01,68.74,243.76,13170.86,13760.6,210,50,50,50,50,0,0,0,290,50,2
10851.79,39.2,7.7,-982.9,34.37,39.28,44.21,48.18,54.94,68.74,243.76,13170.86,13760.6,210,160,160,170,0,0,0,0,0,50,2
11073.66,37.5,4.2,-982.9,34.37,39.28,44.21,48.18,54.94,68.74,243.76,13170.86,13760.6,210,160,160,170,0,0,0,0,0,50,2
8551.41,18.9,0.3,-982.9,34.37,39.28,44.22,49.14,55.01,59.66,68.74,243.76,13760.6,210,150,150,150,0,0,0,0,40,50,2
8678.14,26,1.3,-982.9,35.92,38.32,44.22,49.14,55.01,59.66,68.74,243.76,13760.6,210,0,0,360,0,0,0,0,130,50,2
8079.47,34.5,7.3,-982.9,35.92,38.32,44.22,49.14,55.01,59.66,68.74,243.76,13760.6,210,150,340,0,0,0,0,0,0,50,3
7058.66,21.9,3.2,-982.9,35.92,38.32,44.28,49.14,55.01,59.66,68.74,243.76,13760.6,210,50,100,100,90,0,150,0,0,50,3
7983.96,24.9,7.4,-982.9,35.92,38.32,44.28,49.14,55.01,59.66,68.74,243.76,13760.6,210,150,340,0,0,0,0,0,0,50,2
8911.05,29.6,8.7,-982.9,35.92,38.32,44.31,49.14,54.99,59.66,68.74,243.71,13760.6,210,0,0,360,0,0,0,0,130,50,2
8814.71,25.4,8.7,-982.9,35.92,38.32,44.31,49.14,54.99,59.66,68.74,243.71,13760.6,210,0,0,360,0,0,0,0,130,50,2
8205.29,25,6,-982.9,35.92,38.32,44.31,49.14,54.99,59.66,68.74,243.71,13760.6,210,40,120,120,0,0,0,0,210,50,2
8112.11,26.4,6.9,-982.9,27.07,38.32,45.23,49.14,54.99,59.66,68.74,243.71,13760.6,210,80,40,40,0,40,40,0,250,50,2
8214.51,28.1,5.8,-982.9,27.07,38.32,45.23,49.14,55.01,59.66,68.74,243.71,13760.6,210,50,0,50,50,0,50,90,200,50,2
7106.41,29.4,8.9,-982.9,27.07,38.32,45.23,49.14,54.99,59.66,68.74,243.71,13760.6,211,50,0,50,50,0,50,0,290,49,3
8020.11,30.9,8.9,-982.9,27.07,38.32,45.23,49.14,54.99,59.66,68.74,243.71,13760.6,211,50,0,50,50,50,50,0,240,49,3
8313.42,26.8,6.8,-982.9,27.07,38.32,45.23,49.14,54.99,59.66,68.74,243.71,13760.6,211,50,0,50,50,50,50,0,240,49,2
9169.94,30.5,8.3,-982.9,27.07,44.38,45.23,49.14,54.99,59.66,68.74,243.71,13760.6,210,100,0,20,40,20,20,60,230,50,2
10130.03,38.2,5.2,-982.9,27.07,38.32,45.23,49.14,54.99,59.66,68.74,243.71,13760.6,210,50,50,50,100,0,0,0,240,50,2
9796.33,35.6,4,-982.9,27.07,38.32,45.23,49.14,54.99,59.66,68.74,243.71,13760.6,210,0,0,450,0,0,0,0,40,50,2
9332.1,26.3,6,-982.9,27.07,39.16,45.5,49.14,54.99,59.66,68.74,283.03,13760.6,210,50,50,50,100,0,0,0,240,50,2
7985.04,27.2,3.5,-982.9,27.07,39.16,45.5,49.14,54.99,59.66,68.74,283.03,13760.6,210,50,50,50,100,0,0,0,240,50,3
7392.09,24.9,3.3,-982.9,27.07,39.16,45.5,49.14,54.99,59.66,68.74,283.03,13760.6,210,50,50,50,100,0,0,0,240,50,3
8116.11,24.1,6.8,-982.9,27.07,39.16,45.5,49.14,54.99,59.66,68.61,283.03,13760.6,210,50,50,50,100,0,0,0,240,50,2
8061.89,26,6.9,-982.9,27.07,39.16,45.5,49.14,54.99,59.66,68.61,283.03,13760.6,210,280,140,70,0,0,0,0,0,50,2
8299.13,25.5,4.6,-982.9,27.07,39.24,45.5,49.14,54.99,59.66,68.61,283.03,13760.6,210,420,0,0,0,0,0,0,70,50,2
8606.66,27.1,5.9,-982.9,27.07,39.24,45.5,49.14,54.99,59.66,68.61,283.03,13760.6,210,420,0,0,0,0,0,0,70,50,2
7758.92,27.9,8.7,-982.9,27.07,39.24,45.5,49.14,54.99,59.66,68.61,283.03,13760.6,210,490,0,0,0,0,0,0,0,50,2
7983.09,29.9,8.4,-982.9,27.07,39.24,45.5,49.14,54.99,59.66,68.61,283.03,13760.6,210,420,0,0,0,0,0,0,70,50,3
10612.8,29.9,8.2,-982.9,27.07,39.24,45.5,49.14,54.99,59.66,68.61,283.03,13760.6,210,250,150,90,0,0,0,0,0,50,3
10191.21,35.3,6.6,-982.9,27.07,39.24,45.5,49.14,54.99,59.66,68.74,283.03,13760.6,210,420,0,0,0,0,0,0,70,50,2
12114.22,38.8,7.4,-982.9,27.07,39.24,45.5,49.14,54.99,59.66,68.61,283.03,13760.6,210,490,0,0,0,0,0,0,0,50,2
9934.38,29,7,-982.9,30.25,34.37,39.14,44.19,55.01,59.73,68.74,243.76,13760.6,210,490,0,0,0,0,0,0,0,50,2
11161.31,32.8,7.8,-982.9,30.25,34.37,39.14,44.19,59.24,68.74,243.76,13269.15,13760.6,210,490,0,0,0,0,0,0,0,50,2
9904.3,30,6.3,-982.9,30.25,34.37,39.14,44.19,59.73,68.74,243.76,13269.15,13760.6,210,180,310,0,0,0,0,0,0,50,2
8111.45,27.3,6.4,-982.9,30.25,34.37,39.14,44.43,59.73,68.74,243.76,13269.15,13760.6,210,140,160,190,0,0,0,0,0,50,2
9889.54,30,8,-982.9,30.25,34.37,39.14,44.19,55.01,59.73,68.74,243.76,13760.6,210,180,310,0,0,0,0,0,0,50,3
11768.82,37.7,8.5,-982.9,30.25,34.37,39.14,44.43,55.01,68.61,243.76,13170.82,13760.6,210,150,150,150,40,0,0,0,0,50,3
12765.06,37.7,7.7,-982.9,30.25,34.37,39.14,44.43,55.01,68.61,294.92,13170.81,13760.6,210,490,0,0,0,0,0,0,0,50,2
8978.32,25,2,-982.9,30.25,34.37,39.14,44.43,55.01,68.61,294.92,13170.81,13760.6,210,490,0,0,0,0,0,0,0,50,2
9302.62,31.4,2.3,-982.9,30.25,35.09,39.14,44.43,55.01,68.61,294.92,13170.81,13760.6,210,180,310,0,0,0,0,0,0,50,2
7586.01,25.3,7.8,-982.9,30.25,35.09,39.14,44.43,55.01,68.61,294.92,13170.81,13760.6,210,490,0,0,0,0,0,0,0,50,2
7617.65,27.2,8.4,-982.9,30.25,35.09,39.14,44.43,55.01,68.61,294.92,13170.81,13760.6,210,50,50,0,100,100,100,0,90,50,2
10396.25,35.2,8.4,-982.9,30.25,35.09,39.14,44.43,55.01,68.61,294.92,13170.81,13760.6,210,490,0,0,0,0,0,0,0,50,3
12503.91,38.5,3.5,-982.9,30.25,35.09,39.14,44.43,55.01,68.61,294.92,13170.81,13760.6,210,150,150,190,0,0,0,0,0,50,3
9047.17,24.1,1.5,-982.9,30.25,35.09,39.14,44.43,55.01,68.61,294.92,13170.81,13760.6,210,490,0,0,0,0,0,0,0,50,2
7685.95,23.5,2.9,-982.9,30.25,35.09,39.14,44.43,54.98,68.61,294.92,13170.81,13760.6,210,100,100,150,100,0,0,40,240,0,2
8977.19,26.6,6.4,-982.9,30.25,35.09,39.14,44.43,54.98,68.61,294.92,13170.81,13760.6,210,200,150,140,0,0,0,0,240,0,2
9096.53,31.9,8.3,-982.9,30.25,35.09,39.14,44.43,54.98,68.61,294.92,13170.81,13760.6,210,200,150,140,0,0,0,0,0,50,2
9414.24,28.7,6.3,-982.9,30.25,35.09,39.34,46.28,54.98,68.61,294.92,13170.81,13760.6,210,100,100,150,140,0,0,0,0,50,2
12465.83,36.4,7.5,-982.9,30.25,35.09,39.14,44.43,54.98,68.61,294.92,13170.81,13760.6,210,200,150,140,0,0,0,0,0,50,3
12612.24,39.6,5.2,-982.9,30.25,35.09,39.14,44.43,54.98,68.61,294.92,13170.81,13760.6,210,150,100,150,90,0,0,0,0,50,3
9469.19,23.8,1.4,-982.9,30.25,35.09,39.14,44.43,54.98,68.61,294.92,13170.81,13760.6,210,150,150,190,0,0,0,0,0,50,2
9250.64,25.2,5,-982.9,30.25,35.09,39.14,44.43,54.98,68.61,294.92,13170.81,13760.6,210,390,0,0,0,0,0,0,100,50,2
9376.14,28.4,3,-982.9,30.25,35.09,39.14,46.75,54.98,68.61,294.93,13170.81,13760.6,210,100,100,190,0,0,0,100,0,50,2
9599.71,32.3,6.3,-982.9,30.25,35.09,39.14,46.75,54.98,68.61,294.93,13170.81,13760.6,210,120,90,240,40,0,0,0,0,50,2
11058.01,38.6,6.2,-982.9,30.25,35.09,39.14,44.43,54.98,68.61,294.92,13170.81,13760.6,210,120,90,240,40,0,0,0,0,50,2
12748.81,28.9,7.7,-982.9,30.25,35.09,39.14,46.75,54.98,68.61,294.93,13170.81,13760.6,210,120,90,230,0,0,0,50,0,50,2
9929.88,25.7,1.1,-982.9,30.25,35.09,39.14,46.75,58.94,68.61,294.93,13170.81,13760.6,210,100,100,200,0,90,0,0,0,50,3
9672.65,28,3.9,-982.9,30.25,35.09,39.14,46.75,58.94,68.61,294.93,13170.81,13760.6,210,100,100,140,0,0,0,150,0,50,3
10435.61,32.2,7.7,-982.9,30.25,35.09,39.14,46.75,58.94,68.61,294.93,13170.81,13760.6,210,100,100,140,0,0,0,150,0,50,2
12673.3,42.9,7.8,-982.9,30.25,35.09,39.14,46.75,58.94,68.61,294.93,13170.81,13760.6,210,100,100,140,0,0,0,150,0,50,2
12199.18,39,7.4,-982.9,30.25,34.37,39.14,46.75,58.94,68.61,294.93,13170.81,13760.6,210,100,100,140,0,0,0,150,0,50,2
11080.33,28.4,5.4,-982.9,30.25,45.45,55.87,60.94,98.31,294.93,12286.27,13072.59,13760.6,210,100,100,140,0,0,0,150,0,50,2
8823.47,25.9,7.6,-982.9,30.25,45.45,55.87,60.94,98.31,294.93,12286.27,13072.59,13760.6,210,100,100,140,0,0,0,150,0,50,2
8871.67,22.8,2.8,-982.9,30.25,45.45,55.87,60.94,98.31,294.93,12286.27,13072.59,13760.6,550,0,0,0,0,0,0,150,0,50,3
8775.99,27.7,6.1,-982.9,30.25,45.45,55.87,60.94,98.31,294.93,12286.27,13072.59,13760.6,210,440,0,0,0,0,50,0,0,50,3
10069.91,33.1,7.5,-982.9,30.25,45.45,55.87,60.94,98.31,294.93,11008.53,13072.59,13760.6,210,0,490,0,0,0,0,0,0,50,2
11044.13,32.6,3.8,-982.9,30.25,45.45,55.87,60.94,98.31,294.93,12286.27,13072.59,13760.6,210,0,490,0,0,0,0,0,0,50,2
8797.59,28.4,4.4,-982.9,30.25,45.45,55.87,60.94,98.31,294.93,12286.27,13072.59,13760.6,210,440,0,0,0,0,50,0,0,50,2
7094.77,26,5.8,-982.9,30.25,45.45,55.87,60.94,98.31,294.93,12286.27,13072.59,13760.6,210,440,0,0,0,0,50,0,0,50,2
7823.84,29.3,7.4,-982.9,30.25,45.45,55.87,60.94,98.31,294.93,12286.27,13072.59,13760.6,210,440,0,0,0,0,50,0,0,50,2
8390.03,27,6.8,-982.9,30.25,45.45,55.87,61.9,148.37,294.93,12286.27,13072.59,13760.6,210,240,160,90,0,0,0,0,0,50,3
9000.81,30.1,7.3,-982.9,30.25,45.45,55.87,61.9,148.37,294.93,12286.27,13072.59,13760.6,210,490,0,0,0,0,0,0,0,50,3
9523.69,30.1,7.2,-982.9,30.25,45.45,55.87,61.9,148.37,294.93,12286.27,13072.59,13760.6,210,490,0,0,0,0,0,0,0,50,2
9409.98,26,4.7,-982.9,30.25,45.45,55.87,61.9,148.37,294.93,12286.27,13072.59,13760.6,210,490,0,0,0,0,0,0,0,50,2
7647.2,22.1,1.1,-982.9,30.25,45.45,55.87,61.9,148.37,294.93,12286.27,13072.59,13760.6,210,350,140,0,0,0,0,0,0,50,2
7178.34,23.8,5.3,-982.9,30.25,45.45,55.87,61.9,148.37,294.93,12286.27,13072.59,13760.6,210,350,70,0,0,0,0,0,70,50,2
8770.45,26.6,5.5,-982.9,30.25,45.45,55.87,61.9,148.37,294.93,12286.27,13072.59,13760.6,210,490,0,0,0,0,0,0,0,50,2
8964.74,27.7,5.6,-982.9,30.25,45.45,55.87,66.82,148.37,294.93,12286.27,13072.59,13760.6,210,490,0,0,0,0,0,0,0,50,5
9101.63,24.9,5.1,-982.9,30.25,45.45,55.87,65.85,73.72,294.93,12286.27,13072.59,13760.6,210,400,90,0,0,0,0,0,0,50,5
9277.26,26.2,4.7,-982.9,30.25,45.45,55.83,65.85,73.72,294.93,12286.27,13072.59,13760.6,210,400,90,0,0,0,0,0,0,50,4
9134.26,25.1,2.5,-982.9,30.25,45.45,55.83,65.85,73.72,294.93,12286.27,13072.59,13760.6,210,490,0,0,0,0,0,0,0,50,4
8146.54,24.2,2.1,-982.9,30.25,45.45,55.83,65.85,73.72,294.93,12286.27,13072.59,13760.6,210,280,210,0,0,0,0,0,0,50,4
7525.73,23.1,2,-982.9,30.25,45.45,55.83,65.85,73.72,294.93,12286.27,13072.59,13760.6,210,440,0,0,0,0,50,0,0,50,4
8438.49,23.6,4.8,-982.9,30.25,45.45,55.83,65.85,73.72,294.93,12286.27,13072.59,13760.6,210,70,420,0,0,0,0,0,0,50,4
8187.59,22.2,3.2,-982.9,30.25,45.45,55.83,65.85,73.72,294.93,12286.27,13072.59,13760.6,210,70,420,0,0,0,0,0,0,50,5
8228.26,23.9,3.1,-982.9,30.25,45.45,55.83,65.85,73.72,294.93,12286.27,13072.59,13760.6,210,350,140,0,0,0,0,0,0,50,5
8262.25,23.9,3.3,-982.9,30.25,45.45,55.83,65.85,73.72,294.93,12286.27,13072.59,13760.6,210,350,140,0,0,0,0,0,0,50,4
8356,23.5,4.5,-982.9,30.25,45.45,55.83,65.85,73.72,294.93,12286.27,13072.59,13760.6,210,490,0,0,0,0,0,0,0,50,4
7270.29,24.7,6,-982.9,30.25,46.21,55.86,65.85,73.72,294.93,12286.27,13072.59,13760.6,210,300,190,0,0,0,0,0,0,50,4
7091.06,28.8,6.3,-982.9,30.25,46.22,55.86,65.85,73.72,294.93,12286.27,13072.59,13760.6,210,490,0,0,0,0,0,0,0,50,4
8819.44,28.4,4.2,-982.9,30.25,46.22,55.86,65.85,73.72,294.93,12286.25,13072.59,13760.6,210,0,0,490,0,0,0,0,0,50,4
9086.89,27.1,0.7,-982.9,30.25,46.22,55.86,65.85,73.72,294.93,12286.27,13072.59,13760.6,210,70,0,420,0,0,0,0,0,50,5
8941.74,27.1,4.6,-982.9,30.25,46.22,55.86,65.85,73.71,294.93,12286.27,13072.59,13760.6,210,300,140,50,0,0,0,0,0,50,5
9195.85,27.3,1.6,-982.9,30.25,46.22,55.86,65.85,94.35,294.93,12286.27,13072.59,13760.6,210,350,140,0,0,0,0,0,0,50,4
8766.24,23.2,2.3,-982.9,30.25,46.22,55.86,68.8,94.35,294.93,12286.27,13072.59,13760.6,210,350,140,0,0,0,0,0,0,50,4
7895.54,25.2,3.5,-982.9,30.25,46.22,55.86,68.8,94.35,294.93,12286.27,13072.59,13760.6,210,490,0,0,0,0,0,0,0,50,4
8077.39,27.6,3.8,-982.9,30.25,46.22,55.86,68.8,94.35,294.93,12286.27,13072.59,13760.6,210,490,0,0,0,0,0,0,0,50,4
9622.29,29.2,3.6,-982.9,30.25,46.22,55.86,68.8,94.35,294.93,12286.27,13072.59,13760.6,210,490,0,0,0,0,0,0,0,50,4
9818.84,29.2,3.8,-982.9,30.25,46.22,55.86,65.85,94.35,294.93,12286.27,13072.59,13760.6,210,250,150,90,0,0,0,0,0,50,5
9798.13,31.9,3.7,-982.9,30.25,46.22,55.86,65.85,94.35,294.93,12286.27,13072.59,13760.6,210,250,150,90,0,0,0,0,0,50,5
8897.61,22.6,1.6,-982.9,30.25,46.22,55.86,65.95,94.35,282.09,12286.27,13072.59,13760.6,210,210,140,140,0,0,0,0,0,50,4
8613.04,23.2,3.7,-982.9,30.25,46.22,55.86,65.95,68.84,94.35,282.09,13072.59,13760.6,210,200,100,150,40,0,0,0,0,50,4
7856.84,26.5,3.4,-982.9,30.25,46.22,55.86,68.76,86.2,104.18,282.09,13072.59,13760.6,210,0,0,490,0,0,0,0,0,50,4
7666.78,27.8,5.5,-982.9,30.25,46.22,55.86,68.76,86.2,104.18,282.09,13072.59,13760.6,210,0,0,490,0,0,0,0,0,50,4
9067.87,28.7,5.5,-982.9,30.25,46.22,55.86,68.76,86.2,104.18,282.09,13072.59,13760.6,210,0,0,490,0,0,0,0,0,50,4
9011.01,24.3,1.8,-982.9,30.25,46.27,55.86,68.76,86.2,104.18,282.09,13072.59,13760.6,210,0,490,0,0,0,0,0,0,50,5
9417.75,30.7,5,-982.9,30.25,46.27,55.86,68.76,86.2,104.18,282.09,13072.59,13760.6,210,0,490,0,0,0,0,0,0,50,5
9097.86,28.5,0.4,-982.9,30.25,46.27,55.86,68.76,86.2,104.18,282.09,13072.59,13760.6,210,0,490,0,0,0,0,0,0,50,4
7866.02,20.8,5,-982.9,30.25,46.27,55.86,68.76,104.18,148.3,282.09,13072.59,13760.6,210,0,490,0,0,0,0,0,0,50,4
7013.76,24.8,5.1,-982.9,46.27,55.86,68.76,104.23,148.3,243.29,282.09,13072.59,13760.6,210,120,40,200,0,0,0,0,130,50,4
7158.11,21,2.3,-982.9,46.27,55.86,68.76,104.23,148.3,243.29,282.09,13072.59,13760.6,210,120,40,120,0,0,0,0,210,50,4
8079.86,21.9,2.4,-982.9,46.27,55.86,68.76,104.23,148.3,243.29,282.09,13072.59,13760.6,210,200,40,240,0,0,0,0,10,50,4
8082.93,22.5,3.8,-982.9,46.27,55.86,68.76,104.23,148.3,243.29,282.09,13072.59,13760.6,210,0,0,210,280,0,0,0,0,50,5
7983.99,23.1,4.7,-982.9,46.27,55.86,68.76,104.23,148.3,243.29,282.09,13072.59,13760.6,210,0,0,350,140,0,0,0,0,50,5
7961.11,23.5,4.7,-982.9,46.27,55.86,68.76,104.23,143.39,243.29,282.09,13072.59,13760.6,210,150,200,0,0,0,0,0,140,50,4
8050.33,24.2,4.9,-982.9,46.27,55.86,68.76,104.23,143.39,243.29,282.09,13072.59,13760.6,210,70,0,0,0,0,0,0,420,50,4
7161.16,26,4.7,-982.9,55.86,68.76,104.23,106.45,143.39,243.29,282.09,13072.59,13760.6,210,0,0,70,70,0,0,0,350,50,4
7035.27,29.4,4.6,-982.9,55.86,68.76,104.23,106.45,143.39,243.29,282.09,13072.59,13760.6,210,0,70,70,0,0,0,0,350,50,4
7915.87,19.4,2.9,-982.9,55.86,68.76,104.23,106.45,143.39,243.29,282.09,13072.59,13760.6,210,70,140,140,0,0,0,0,140,50,4
7817.15,21.9,3.1,-982.9,55.86,68.76,104.23,106.45,143.39,243.29,282.09,13072.59,13760.6,210,70,140,140,0,0,0,0,140,50,5
7996.13,20.7,3.2,-982.9,55.86,68.76,104.23,106.45,143.39,243.29,282.09,13072.59,13760.6,210,80,110,0,0,0,0,0,300,50,5
7925.95,21.2,4.1,-982.9,55.86,68.81,104.23,106.45,143.39,243.29,282.09,13072.59,13760.6,210,70,120,0,0,0,0,300,0,50,4
6579.82,23,4.6,-982.9,55.86,68.81,104.23,106.45,143.39,243.29,282.09,13072.59,13760.6,210,40,120,150,0,0,180,0,0,50,4
6601.4,22.9,4.1,-982.9,47.03,68.81,97.27,104.23,143.39,243.29,282.09,13072.59,13760.6,210,40,60,60,150,0,180,0,0,50,4
6483.24,26.7,4.4,-982.9,47.03,68.81,97.27,104.23,143.39,243.29,282.09,13072.59,13760.6,210,40,0,120,130,0,200,0,0,50,4
6888.07,23.7,3.9,-982.9,55.86,68.81,104.23,106.45,143.39,243.29,282.09,13072.59,13760.6,210,40,120,150,0,0,180,0,0,50,4
7933.7,24.5,4.2,-982.9,55.86,68.81,104.23,106.45,143.39,243.29,282.09,13072.59,13760.6,210,0,0,490,0,0,0,0,0,50,5
8013.17,23.4,3.5,-982.9,47.03,68.81,97.25,104.23,143.39,243.29,282.09,13072.59,13760.6,210,140,210,70,70,0,0,0,0,50,5
8011.64,25.1,4.3,-982.9,47.03,68.81,97.25,104.23,143.39,243.29,282.09,13072.59,13760.6,210,140,140,70,70,70,0,0,0,50,4
7665.52,25.7,4,-982.9,47.03,68.81,97.25,104.23,143.39,243.29,282.09,13072.59,13760.6,210,140,140,0,70,140,0,0,0,50,4
7281.48,25.9,3.2,-982.9,47.03,68.81,97.25,104.23,143.39,243.29,282.09,13072.59,13760.6,210,70,110,110,0,200,0,0,0,50,4
6759.94,25.4,4.3,-982.9,47.03,68.81,97.25,104.23,143.39,243.29,282.09,13072.59,13760.6,210,70,110,110,0,200,0,0,0,50,4
7850.42,25.2,4.1,-982.9,47.03,68.81,97.25,104.23,143.39,243.29,282.09,13072.59,13760.6,210,60,80,150,0,200,0,0,0,50,4
6993.45,28.4,2.7,-982.9,47.03,68.81,78.85,103.75,143.39,243.29,282.09,13072.59,13760.6,210,150,200,50,50,0,0,0,40,50,5
8032.11,25.5,3.3,-982.9,47.03,68.81,78.85,103.75,143.39,243.29,282.09,13072.59,13760.6,210,200,290,0,0,0,0,0,0,50,5
7802.41,17.9,3.8,-982.9,47.03,68.81,78.85,103.75,143.39,243.29,282.09,13072.59,13760.6,420,180,100,0,0,0,0,0,0,50,4
7872.4,19.2,4.1,-982.9,47.03,68.81,78.85,103.75,143.39,243.29,282.09,13072.59,13760.6,420,180,100,0,0,0,0,0,0,50,4
7099.12,21,4,-982.9,47.03,68.81,78.85,103.75,143.39,243.29,282.09,13072.59,13760.6,210,70,70,70,280,0,0,0,0,50,4
6962.94,20.8,3.4,-982.9,47.03,68.81,78.85,103.75,143.39,243.29,282.09,13072.59,13760.6,210,70,70,0,350,0,0,0,0,50,4
7787.29,26.4,3.8,-982.9,47.03,68.81,78.85,103.75,143.39,243.29,282.09,13072.59,13760.6,350,250,100,0,0,0,0,0,0,50,4
7966.66,24.6,3.8,-982.9,55.89,69.65,95.2,103.07,105.03,143.39,282.09,13072.59,13760.6,210,380,110,0,0,0,0,0,0,50,5
8005.63,18.6,2.1,-982.9,55.89,69.65,95.2,103.07,105.03,143.39,282.09,13072.59,13760.6,210,460,30,0,0,0,0,0,0,50,5
8240.74,20.1,2.5,-982.9,55.89,69.65,95.2,103.07,105.03,143.19,282.09,13072.59,13760.6,210,0,490,0,0,0,0,0,0,50,4
7906.18,23.3,3.8,-982.9,55.89,69.65,95.2,103.07,105.03,143.19,282.09,13072.59,13760.6,210,0,0,0,0,490,0,0,0,50,4
7187.61,26.1,3.7,-982.9,55.89,69.65,95.2,103.07,105.03,143.19,282.09,13072.59,13760.6,210,190,0,0,0,0,0,0,300,50,4
6959.77,21,3.8,-982.9,55.89,69.65,78.63,95.2,105.03,143.19,282.09,13072.59,13760.6,210,300,190,0,0,0,0,0,0,50,4
8040.45,17.9,3.7,-982.9,55.89,69.65,95.2,103.07,105.03,143.19,282.09,13072.59,13760.6,210,300,190,0,0,0,0,0,0,50,4
8078.3,18.8,3.4,-982.9,55.89,69.65,95.2,103.07,105.03,143.19,282.09,13072.59,13760.6,210,250,150,0,0,0,0,90,0,50,5
7987.47,19.5,3.6,-982.9,55.89,69.65,95.2,103.07,105.03,143.19,282.09,13072.59,13760.6,210,330,160,0,0,0,0,0,0,50,5
7928.29,19.7,3.5,-982.9,55.92,69.77,95.2,103.07,116.41,143.19,282.09,13072.59,13760.6,210,200,100,190,0,0,0,0,0,50,4
8271.45,19.6,1.9,-982.9,46.24,55.89,64.85,69.71,92.15,103.07,282.09,13072.59,13760.6,210,200,200,90,0,0,0,0,0,50,4
7453.82,22.7,3.5,-982.9,46.24,55.89,64.85,69.71,92.15,103.07,282.09,13072.59,13760.6,210,100,100,50,240,0,0,0,0,50,4
7742.56,19.9,1.8,-982.9,46.24,55.89,64.85,69.71,92.15,103.07,282.09,13072.59,13760.6,210,100,100,50,240,0,0,0,0,50,4
8322.35,19.1,2.8,-982.9,46.24,55.89,64.85,69.71,92.15,103.07,282.09,13072.59,13760.6,210,150,100,50,190,0,0,0,0,50,4
8025.11,20.2,3.5,-982.9,46.24,55.89,64.85,69.71,92.15,103.07,282.09,13072.59,13760.6,210,200,200,70,0,0,0,0,20,50,5
8136.2,21.5,3.4,-982.9,46.24,55.89,64.85,69.71,92.15,103.07,282.09,13072.59,13760.6,210,100,100,50,100,0,0,140,0,50,5
8059.11,21.8,2.7,-982.9,46.24,55.89,64.85,69.71,92.15,103.07,282.09,13072.59,13760.6,210,100,100,50,100,0,140,0,0,50,4
8797.93,21.8,1.7,-982.9,46.24,55.89,64.85,69.71,82.56,92.15,103.07,282.09,13760.6,210,100,100,50,100,0,140,0,0,50,4
7506.41,23.6,2.8,-982.9,46.24,55.89,64.85,69.71,82.56,92.15,103.07,282.09,13760.6,210,80,80,40,120,0,170,0,0,50,4
7097.35,21,3.3,-982.9,46.24,55.89,64.85,69.71,82.56,92.15,103.07,282.09,13760.6,210,80,80,40,80,0,210,0,0,50,4
8101.52,21,3.1,-982.9,46.24,55.89,64.85,69.71,82.56,92.15,103.07,282.09,13760.6,210,120,80,40,80,0,170,0,0,50,4
8074.81,24.3,3.3,-982.9,46.24,55.89,64.85,69.71,82.56,92.15,103.07,282.09,13760.6,210,120,120,60,0,0,190,0,0,50,5
7715.64,23.7,3.1,-982.9,30.25,45.45,55.87,60.94,98.31,294.93,12286.25,13072.59,13760.6,210,440,0,0,0,0,50,0,0,50,5
8083.86,20.7,3.3,-982.9,46.24,55.89,64.85,69.71,82.56,92.15,103.07,282.09,13760.6,210,0,0,240,200,0,50,0,0,50,4
8138.14,19,3.1,-982.9,46.24,55.89,64.85,69.71,82.56,92.15,103.07,282.09,13760.6,210,100,100,50,120,120,0,0,0,50,4
7317.73,20.9,2.9,-982.9,46.24,55.89,64.85,69.71,82.56,92.15,103.07,282.09,13760.6,210,0,0,160,120,0,0,210,0,50,4
7292.57,24.6,3.1,-982.9,46.24,55.89,64.85,69.71,82.56,92.15,103.07,282.09,13760.6,210,0,0,120,100,0,0,70,200,50,4
8182.58,18.2,3.2,-982.9,46.24,55.89,64.85,69.71,82.56,92.15,103.07,282.09,13760.6,210,0,0,220,180,0,0,90,0,50,4
8682.82,19,3.2,-982.9,46.24,55.89,64.85,69.71,82.56,92.15,103.07,282.09,13760.6,210,0,0,140,280,70,0,0,0,50,7
8653.96,15.2,2.9,-982.9,46.24,55.89,64.85,69.71,82.56,92.15,103.07,282.09,13760.6,210,0,0,140,280,70,0,0,0,50,7
8700.42,16.1,3.2,-982.9,46.24,55.89,64.85,69.71,82.56,92.15,103.07,282.09,13760.6,210,0,0,140,350,0,0,0,0,50,6
8816.64,16.6,2.6,-982.9,46.24,55.89,64.85,69.71,82.56,92.15,103.07,282.09,13760.6,210,150,150,0,190,0,0,0,0,50,6
8010.21,17,1.8,-982.9,46.24,55.89,64.85,69.71,82.56,92.15,103.07,282.09,13760.6,210,0,0,210,280,0,0,0,0,50,6
7712.16,17.8,2.4,-982.9,46.24,55.89,64.85,69.71,82.56,92.15,103.07,282.09,13760.6,210,0,0,210,280,0,50,0,0,0,6
8584.6,20.4,3.1,-982.9,46.24,55.89,64.85,69.71,82.56,92.15,103.07,282.09,13760.6,210,0,0,280,0,210,0,0,0,50,6
8788.91,17.7,2.3,-982.9,46.24,55.89,64.85,69.71,82.56,92.15,103.07,282.09,13760.6,210,0,0,0,440,50,0,0,0,50,7
9962.71,17.5,1.3,-982.9,46.24,55.89,64.85,69.71,82.56,92.15,103.07,282.09,13760.6,210,0,0,0,420,70,0,0,0,50,7
8937.58,17.6,1.8,-982.9,46.24,55.89,64.85,69.71,82.56,92.15,103.07,282.09,13269.15,210,0,70,210,210,0,0,0,0,50,6
8894.82,18.6,1.9,-982.9,46.24,55.89,64.85,69.71,82.56,92.15,103.07,282.09,13760.6,210,0,70,210,210,0,0,0,0,50,6
8505.52,17.9,2.2,-982.9,46.24,55.89,64.85,69.71,82.56,92.15,103.07,282.09,13760.6,210,200,150,50,90,0,0,0,0,50,6
7990.57,17.6,1.7,-982.9,46.24,55.89,64.85,69.71,82.56,92.15,103.07,282.09,13269.15,210,150,150,50,140,0,0,0,0,50,6
7719.4,20,3,-982.9,46.24,55.89,64.85,69.71,82.56,92.15,103.07,282.09,13760.6,210,150,150,50,140,0,0,0,0,50,6
8689.19,17.5,2.6,-982.9,46.24,55.89,64.85,69.71,82.56,92.15,103.07,282.09,13269.15,210,150,100,100,140,0,0,0,0,50,7
8677.19,18.4,1.9,-982.9,46.24,55.89,64.85,69.71,82.56,92.15,103.07,282.09,13760.6,210,100,100,50,240,0,0,0,0,50,7
8681.31,21.8,2.8,-982.9,46.24,55.89,64.85,69.71,82.56,92.15,103.07,282.09,13760.6,210,0,0,0,490,0,0,0,0,50,6
9246.19,18.1,1.8,-982.9,46.24,55.89,64.85,69.71,82.56,92.15,103.07,282.09,13760.6,210,0,0,0,490,0,0,0,0,50,6
8480.94,17.8,2,-982.9,46.24,55.89,64.85,69.71,82.56,91.37,103.07,282.09,13760.6,210,50,50,120,270,0,0,0,0,50,6
8197.72,17.2,1.6,-982.9,46.24,55.89,64.85,69.71,82.56,91.37,103.07,282.09,13760.6,210,50,50,120,270,0,0,0,0,50,6
8762.11,17.4,2,-982.9,46.24,55.89,64.85,69.71,82.56,91.37,103.07,282.09,13760.6,210,200,50,0,240,0,0,0,0,50,6
8805.73,18.4,2.4,-982.9,46.24,55.89,64.85,69.71,82.56,91.37,103.07,282.09,13760.6,700,0,0,0,0,0,0,0,0,50,7
8870.12,18.6,2.1,-982.9,46.24,55.89,64.85,68.74,69.67,82.56,103.07,282.09,13760.6,210,210,140,140,0,0,0,0,0,50,7
8517.48,17.8,2.7,-982.9,46.24,55.89,64.85,68.74,69.67,82.56,103.07,282.09,13760.6,210,140,140,70,0,140,0,0,0,50,6
9080.96,19.4,2.2,-982.9,46.24,55.89,64.85,68.74,69.67,82.56,103.07,282.09,13760.6,210,150,150,150,40,0,0,0,0,50,6
7947.02,19.9,3,-982.9,46.24,55.89,64.85,68.74,69.67,82.56,103.07,282.09,13760.6,0,0,0,0,0,0,0,0,0,750,6
7828.22,19.5,3.1,-982.9,46.24,55.89,64.85,68.74,69.67,82.56,103.07,282.09,13760.6,210,200,150,50,90,0,0,0,0,50,6
8753.18,18.3,3.1,-982.9,46.24,55.89,64.85,68.74,69.67,82.56,103.07,282.09,13760.6,210,100,100,50,240,0,0,0,0,50,6
9440.08,17.5,2.5,-982.9,46.24,55.89,64.85,68.74,69.67,82.56,103.07,282.09,13760.6,210,210,210,70,0,0,0,0,0,50,7
9572,16.5,1.4,-982.9,46.24,55.89,64.85,68.74,69.67,82.56,103.07,282.09,13760.6,210,210,210,70,0,0,0,0,0,50,7
9447.43,18.9,2.3,-982.9,46.24,55.89,64.85,68.74,69.67,82.56,103.07,282.09,13760.6,210,160,160,60,110,0,0,0,0,50,6
8939.34,15,3.1,-982.9,46.24,55.89,64.85,68.74,69.67,82.56,103.07,282.09,13760.6,210,280,210,0,0,0,0,0,0,50,6
8504.09,14.9,3.1,-982,46.19,55.84,64.79,68.68,69.6,82.49,102.97,281.83,13944.4,210,210,210,70,0,0,0,0,0,50,6
8253.72,18,3.1,-982,46.19,55.84,64.79,68.68,69.6,82.49,102.97,281.83,13944.4,210,210,210,70,0,0,0,0,0,50,6
10169.25,17,2,-982,46.19,55.84,64.79,68.68,69.6,82.49,102.97,281.83,13944.4,210,280,210,0,0,0,0,0,0,50,6
8449.69,23.5,3.1,-982,46.19,55.84,64.79,68.68,69.6,85.56,102.97,281.83,13944.4,210,50,50,50,340,0,0,0,0,50,7
8413.05,21.2,3.1,-982,46.19,55.84,64.79,68.72,69.6,85.56,102.97,281.83,13944.4,210,100,100,50,240,0,0,0,0,50,7
8276.17,19.5,3.1,-982,46.19,55.84,64.79,68.68,69.6,85.56,103.07,281.83,13944.4,210,100,100,50,240,0,0,0,0,50,6
8763.77,19.9,3.1,-982,46.24,55.84,64.79,68.72,69.6,85.56,103.07,282.09,13944.4,210,140,140,70,0,140,0,0,0,50,6
8064.61,19.1,3.1,-982,46.19,55.84,64.79,68.68,68.72,85.56,102.97,281.83,13944.4,210,150,150,50,0,140,0,0,0,50,6
7830.15,18.2,3.2,-982,46.19,55.84,64.79,68.68,68.72,85.56,102.97,281.83,13944.4,210,100,50,50,0,290,0,0,0,50,6
9016.07,18.3,3.2,-982,46.19,55.84,64.79,68.68,68.72,85.56,102.97,281.83,13944.4,210,100,100,50,0,240,0,0,0,50,6
8882.07,16.7,3.1,-982,46.19,55.84,64.79,68.68,68.72,85.56,102.97,281.83,13944.4,210,100,100,50,0,170,0,70,0,50,7
9081.35,14.1,1.7,-982,46.19,55.84,64.79,65.81,68.72,85.56,101.83,104.08,13944.4,210,140,0,0,140,0,0,210,0,50,7
8737.22,18.5,3.2,-982,46.19,55.84,64.79,65.81,68.72,85.56,101.83,104.08,13944.4,210,140,0,40,140,0,0,170,0,50,6
8786.2,21.5,2.8,-982,46.19,55.84,64.79,65.81,68.72,85.56,101.83,104.08,13944.4,210,150,150,0,50,0,0,140,0,50,6
8274.46,18,2.9,-982,46.19,55.84,64.79,65.81,68.72,85.56,101.83,104.08,13944.4,210,250,200,0,40,0,0,0,0,50,6
7732.91,18.8,3.3,-982,46.19,55.84,64.79,65.81,68.72,85.56,101.83,104.08,13944.4,210,150,150,0,50,0,0,140,0,50,6
8896,19.9,2.7,-982,46.19,55.84,64.79,65.81,68.72,85.56,101.83,104.08,13944.4,210,150,150,0,0,100,0,90,0,50,6
8393.76,24.2,3.4,-982,46.19,55.84,64.79,65.81,68.72,85.56,101.83,104.08,13944.4,210,150,50,0,0,0,0,290,0,50,7
8560.53,17.4,3.3,-982,46.19,55.84,64.79,65.81,68.72,85.56,101.83,104.08,13944.4,210,150,150,0,50,0,0,140,0,50,7
8391.85,17.6,3.4,-982,69.74,82.59,85.56,103.98,104.04,117.86,142.44,274.81,13944.4,210,100,250,0,0,0,50,90,0,50,6
8827.28,15.6,3.4,-982,69.74,82.59,85.56,103.98,104.04,117.86,142.44,274.81,13944.4,210,0,250,100,0,0,140,0,0,50,6
8222.22,19.4,3.4,-982,69.74,82.59,85.56,103.98,104.04,117.86,142.44,274.81,13944.4,210,200,50,50,0,0,190,0,0,50,6
7600.92,22.9,3.5,-982,69.74,82.59,85.56,103.98,104.04,117.86,142.44,274.81,13944.4,210,200,50,50,0,0,190,0,0,50,6
8220.15,21.4,3.5,-982,55.81,69.74,82.59,85.56,104.04,117.86,142.44,274.81,13944.4,210,0,250,50,0,190,0,0,0,50,6
8338.23,21.7,3.5,-982,64.78,65.81,75.25,82.55,93.95,116.86,142.44,274.84,13944.4,210,0,200,150,0,0,0,140,0,50,7
8056.6,22.2,3.5,-982,55.81,65.81,75.25,82.55,93.95,116.86,142.44,274.81,13944.4,210,150,150,100,0,0,0,90,0,50,7
8438.2,17.6,3.5,-982,55.81,65.81,75.25,82.55,93.95,116.86,142.44,274.84,13944.4,210,150,150,100,0,0,90,0,0,50,6
8269.99,19.4,3.6,-982,55.81,65.81,75.25,82.55,93.95,116.86,142.44,274.84,13944.4,210,50,50,50,0,0,340,0,0,50,6
7678.44,21.3,3.6,-982,55.81,65.81,75.25,82.55,93.95,116.86,142.44,274.84,13944.4,210,150,150,100,0,0,90,0,0,50,6
7263.49,27,2.8,-982,55.81,65.81,75.25,82.55,93.95,116.86,142.44,274.84,13944.4,210,150,150,100,0,0,90,0,0,50,6
8948.82,16.4,1.3,-982,55.81,65.81,75.25,82.55,93.95,116.86,142.44,274.84,13944.4,210,200,150,140,0,0,0,0,0,50,6
8241.51,15.9,3.7,-982,55.81,65.81,75.25,82.55,93.95,116.86,142.44,274.84,13944.4,210,210,210,70,0,0,0,0,0,50,7
8349.83,16.4,3.6,-982,55.81,65.81,75.25,82.55,93.95,116.86,142.44,274.84,13944.4,210,210,280,0,0,0,0,0,0,50,7
8840.18,18.1,3.2,-982,55.81,65.81,75.25,82.55,93.95,116.86,142.44,274.84,13944.4,210,200,250,40,0,0,0,0,0,50,6
8488.37,18.5,3.8,-982,55.81,65.81,75.25,82.55,93.95,116.86,142.44,274.84,13944.4,210,200,250,40,0,0,0,0,0,50,6
7459.12,21.2,3.8,-982,55.81,65.81,75.25,82.55,93.95,116.86,142.44,274.84,13944.4,210,440,0,0,0,0,50,0,0,50,6
7128.74,22.1,3.9,-982,55.81,65.81,75.25,82.55,93.95,116.86,142.44,274.84,13944.4,210,250,240,0,0,0,0,0,0,50,6
8318.8,20,3.9,-982,55.81,69.63,75.25,82.55,93.95,116.86,142.44,274.84,13944.4,210,280,190,0,20,0,0,0,0,50,6
8219.94,19.6,3.9,-982,55.81,65.81,75.25,82.55,93.95,116.86,142.44,274.84,13944.4,210,150,200,50,0,90,0,0,0,50,7
8186.11,19.9,3.9,-982,55.81,65.81,75.25,82.55,93.95,116.86,142.44,274.84,13944.4,210,150,150,50,20,0,120,0,0,50,7
7950.53,25.3,3.8,-982,55.81,65.81,75.25,82.55,93.95,116.86,142.44,274.84,13944.4,210,250,150,90,0,0,0,0,0,50,6
7618.32,25.1,3.7,-982,55.81,65.81,75.25,82.55,93.95,116.86,142.44,274.84,13944.4,210,100,150,100,140,0,0,0,0,50,6
7295.03,21.9,3.1,-982,55.81,65.81,75.25,82.55,93.95,116.86,142.44,274.84,13944.4,210,470,0,0,20,0,0,0,0,50,6
6921.09,19.6,4.1,-982,55.81,65.81,75.25,82.55,93.95,116.86,142.44,274.84,13944.4,210,100,100,100,50,0,140,0,0,50,6
7906.85,24.3,4.1,-982,55.81,65.81,75.25,82.55,93.95,116.86,142.44,274.84,13944.4,210,300,190,0,0,0,0,0,0,50,6
8978.52,23.9,1.5,-982,58.92,69.82,75.25,82.55,93.95,116.86,142.44,274.84,13944.4,210,350,120,0,20,0,0,0,0,50,7
7700.21,23.3,3.8,-982,58.92,69.82,75.25,82.55,93.95,116.86,142.44,274.84,13944.4,210,490,0,0,0,0,0,0,0,50,7
7481.05,23.7,4.3,-982,58.92,69.82,75.25,82.55,93.95,116.86,142.44,274.84,13944.4,210,470,0,0,20,0,0,0,0,50,6
7976.27,17.7,4.3,-982,58.92,69.82,75.25,82.55,93.95,116.86,142.44,274.84,13944.4,210,0,470,0,20,0,0,0,0,50,6
7575.7,14.8,4.3,-982,58.92,69.82,75.25,82.55,93.95,116.86,142.44,274.84,13944.4,210,100,100,100,0,190,0,0,0,50,6
7526.57,15,3.5,-982,58.92,69.82,75.25,91,104.06,116.86,142.44,274.84,13944.4,210,100,40,0,0,0,350,0,0,50,6
9432.09,17.9,2.6,-982,58.92,69.82,75.25,82.55,93.95,116.86,142.44,274.84,13944.4,210,100,100,10,0,0,0,0,280,50,6
7873.46,18.7,4.4,-982,58.92,69.82,75.25,82.55,93.95,116.86,142.44,274.84,13944.4,210,0,0,0,210,0,0,0,280,50,7
7991.89,21.6,4.5,-982,58.92,69.82,75.25,82.55,104.98,116.86,142.44,274.84,13944.4,210,0,0,0,0,210,120,160,0,50,7
8197.4,17.1,3.9,-982,64.78,73.62,85.45,91.33,104.1,106.06,116.86,142.44,13944.4,210,0,0,0,210,0,0,0,280,50,6
8266.89,15.8,4.3,-982,64.78,73.62,85.45,92.05,104.07,114.74,116.86,142.44,13944.4,210,210,0,0,90,190,0,0,0,50,6
7222.62,20.5,4.6,-982,64.78,73.62,85.45,92.05,104.07,114.74,116.86,142.44,13944.4,210,70,70,0,70,70,0,0,210,50,6
7367.26,19.8,4,-982,64.78,73.62,85.45,92.05,104.07,114.74,116.86,142.44,13944.4,210,70,70,0,70,70,0,0,210,50,6
8719.18,14.3,3.9,-982,64.78,73.62,85.45,92.05,104.07,114.74,116.86,142.44,13944.4,210,140,140,70,70,0,70,0,0,50,6
8457.6,17,3.6,-982,64.78,73.62,85.45,98.19,104.07,114.74,117.86,142.44,13944.4,210,50,100,100,50,100,0,90,0,50,7
8193.27,16.7,4.8,-982,64.78,73.62,85.45,98.19,103.17,114.74,117.86,142.44,13944.4,210,100,100,100,50,100,40,0,0,50,7
8132.75,15.3,3.8,-982,64.78,73.62,85.45,98.19,104.07,114.74,117.86,142.44,13944.4,210,100,100,100,0,0,50,50,90,50,6
